{"status":200,"message":"Request successful","data":{"templates":[{"uuid":"f612e7d6-7be3-4969-ae4a-8c72c0c6ad56","name":"Meetings by Meeting Type","can_edit":false,"type":"predefined"},{"uuid":"98daf3c1-8a3d-4a3c-b75e-4b0ec3976fd4","name":"Meetings by Date","can_edit":false,"type":"predefined"},{"uuid":"868ab58c-6154-43a4-9790-171003046421","name":"Meetings by Participant","can_edit":false,"type":"predefined"},{"uuid":"9acf25b4-3374-469d-9101-6bb9d337fd93","name":"Default Template","can_edit":false,"data":{"sort_by":{},"group_by":"","filter_by":{},"included_headers":[{"name":"briefing_ids","shown":true},{"name":"briefing_subjects","shown":true},{"name":"briefing_start_dates","shown":true},{"name":"briefing_end_dates","shown":true},{"name":"briefing_requester_name","shown":true},{"name":"briefing_requester_email","shown":true},{"name":"briefing_requester_title","shown":true},{"name":"briefing_requester_company_name","shown":true},{"name":"briefing_requester_contact_no","shown":true},{"name":"briefing_internal_invitees_name","shown":true},{"name":"briefing_internal_invitees_email","shown":true},{"name":"briefing_internal_invitees_title","shown":true},{"name":"briefing_internal_invitees_company_name","shown":true},{"name":"briefing_internal_invitees_contact_no","shown":true},{"name":"briefing_internal_j5147wkef","shown":"false"},{"name":"briefing_internal_z5yjm4kp0","shown":"false"},{"name":"briefing_internal_invitees_status","shown":true},{"name":"briefing_external_invitees_name","shown":true},{"name":"briefing_external_invitees_email","shown":true},{"name":"briefing_external_invitees_title","shown":true},{"name":"briefing_external_invitees_company_name","shown":true},{"name":"briefing_external_invitees_contact_no","shown":true},{"name":"briefing_external_bsi10b9zi","shown":"false"},{"name":"briefing_external_q7l6skuii","shown":"false"},{"name":"briefing_external_invitees_status","shown":true},{"name":"ids","shown":"true"},{"name":"activity_name","shown":"true"},{"name":"meeting_with","shown":"true"},{"name":"status","shown":"true"},{"name":"dates","shown":"true"},{"name":"start_times","shown":"true"},{"name":"end_times","shown":"true"},{"name":"locations","shown":"true"},{"name":"location_address","shown":"true"},{"name":"creator_name","shown":"true"},{"name":"creator_email","shown":"false"},{"name":"creator_title","shown":"false"},{"name":"creator_company_name","shown":"false"},{"name":"creator_contact_no","shown":"false"},{"name":"requester_name","shown":"true"},{"name":"requester_email","shown":"false"},{"name":"requester_title","shown":"false"},{"name":"requester_company_name","shown":"false"},{"name":"requester_contact_no","shown":"false"},{"name":"internal_invitees_name","shown":"true"},{"name":"internal_invitees_email","shown":"false"},{"name":"internal_invitees_title","shown":"false"},{"name":"internal_invitees_company_name","shown":"false"},{"name":"internal_invitees_alias_users","shown":"false"},{"name":"internal_invitees_contact_no","shown":"false"},{"name":"internal_j5147wkef","shown":"false"},{"name":"internal_z5yjm4kp0","shown":"false"},{"name":"internal_invitees_status","shown":"true"},{"name":"internal_invitees_checkin","shown":"false"},{"name":"internal_invitees_double_booking_enabled","shown":"false"},{"name":"external_invitees_name","shown":"true"},{"name":"external_invitees_email","shown":"false"},{"name":"external_invitees_title","shown":"false"},{"name":"external_invitees_company_name","shown":"false"},{"name":"external_invitees_alias_users","shown":"false"},{"name":"external_invitees_contact_no","shown":"false"},{"name":"external_bsi10b9zi","shown":"false"},{"name":"external_q7l6skuii","shown":"false"},{"name":"external_invitees_status","shown":"true"},{"name":"external_invitees_checkin","shown":"false"},{"name":"total_participant_count","shown":"false"},{"name":"internal_participant_count","shown":"false"},{"name":"external_participant_count","shown":"false"},{"name":"checkin","shown":"true"},{"name":"quick_meeting","shown":"false"}]},"type":"predefined"},{"uuid":"803eea7b-7981-41a7-ad44-1dd0fe37bf52","name":"Meetings by Room","can_edit":false,"type":"predefined"},{"uuid":"HUkXZWJ1bnthTcvf9NcfhA","name":"template","can_edit":true,"shared_users":["zgQwT6Bn7orL-pSWtGlMFw"],"type":"created_by_me"},{"uuid":"yQ48QSRHCcW4oNROveet9A","name":"s","can_edit":true,"shared_users":["zgQwT6Bn7orL-pSWtGlMFw"],"type":"created_by_me"},{"uuid":"dxCJjHm3yseL9C1lbScmVw","name":"count template","can_edit":true,"shared_users":["zgQwT6Bn7orL-pSWtGlMFw"],"type":"created_by_me"},{"uuid":"MZYnDWJeOkZOeRVs_Lh8CQ","name":"count template check","can_edit":true,"shared_users":["zgQwT6Bn7orL-pSWtGlMFw"],"type":"created_by_me"},{"uuid":"qYV1A19lTxa6nxIGL1uLpQ","name":"Checkkkk","can_edit":true,"shared_users":["zgQwT6Bn7orL-pSWtGlMFw"],"type":"created_by_me"},{"uuid":"3T9UFVmbeMuAIH8NHMdvtA","name":"ssssss","can_edit":true,"shared_users":["zgQwT6Bn7orL-pSWtGlMFw"],"type":"created_by_me"},{"uuid":"HNrwb6XyLmH0Wd6DAX6otA","name":"hhhhhhh","can_edit":true,"shared_users":["zgQwT6Bn7orL-pSWtGlMFw"],"type":"created_by_me"},{"uuid":"YZ5B-OswbhsaCWxQrfLqyQ","name":"AB","can_edit":true,"shared_users":["zgQwT6Bn7orL-pSWtGlMFw"],"type":"created_by_me"},{"uuid":"A7ULS6CggKblibSFivi-uQ","name":"A","can_edit":true,"shared_users":["zgQwT6Bn7orL-pSWtGlMFw"],"type":"created_by_me"}]},"errors":{}}